{
  "png_list": [
    {
      "id": "1F43D",
      "description": ""
    },
    {
      "id": "1F609",
      "description": ""
    },
    {
      "id": "1F644",
      "description": ""
    },
    {
      "id": "1F929",
      "description": ""
    },
    {
      "id": "1FAE0",
      "description": ""
    },
    {
      "id": "1F984",
      "description": ""
    },
    {
      "id": "1F437",
      "description": ""
    },
    {
      "id": "1F64F",
      "description": ""
    },
    {
      "id": "1F928",
      "description": ""
    },
    {
      "id": "1F606",
      "description": ""
    },
    {
      "id": "1F607",
      "description": ""
    },
    {
      "id": "1F9AB",
      "description": ""
    },
    {
      "id": "1F404",
      "description": ""
    },
    {
      "id": "2764",
      "description": ""
    },
    {
      "id": "1F92D",
      "description": ""
    },
    {
      "id": "1F436",
      "description": ""
    },
    {
      "id": "1F92E",
      "description": ""
    },
    {
      "id": "1F439",
      "description": ""
    },
    {
      "id": "1F618",
      "description": ""
    },
    {
      "id": "1F62D",
      "description": ""
    },
    {
      "id": "1F987",
      "description": ""
    },
    {
      "id": "1F642",
      "description": ""
    },
    {
      "id": "1F978",
      "description": ""
    },
    {
      "id": "1F976",
      "description": ""
    },
    {
      "id": "1F435",
      "description": ""
    },
    {
      "id": "1F970",
      "description": ""
    },
    {
      "id": "1F605",
      "description": ""
    },
    {
      "id": "1F4A9",
      "description": ""
    },
    {
      "id": "1F923",
      "description": ""
    },
    {
      "id": "1FAE9",
      "description": ""
    },
    {
      "id": "1F440",
      "description": ""
    },
    {
      "id": "1F430",
      "description": ""
    },
    {
      "id": "1F60D",
      "description": ""
    },
    {
      "id": "1F62F",
      "description": ""
    },
    {
      "id": "1F92A",
      "description": ""
    },
    {
      "id": "1F994",
      "description": ""
    },
    {
      "id": "1F61D",
      "description": ""
    },
    {
      "id": "1F979",
      "description": ""
    },
    {
      "id": "1F42E",
      "description": ""
    },
    {
      "id": "1F42D",
      "description": ""
    },
    {
      "id": "1F4AA",
      "description": ""
    },
    {
      "id": "1F600",
      "description": ""
    }
  ]
}